12-05-2022,Saturday,development,5000
12-07-2022,Sunday,tithe,2500
12-05-2022,Sunday,development,10500
12-05-2022,Saturday,development,2500
12-05-2022,Sunday,tithe,2500
12-06-2022,Monday,offering,12000
12-01-2022,Monday,offering,10500
12-01-2022,Monday,offering,10500
12-05-2022,Sunday,development,12000
12-07-2022,Sunday,offering,5000
12-06-2022,Saturday,tithe,44
12-06-2022,Saturday,tithe,44
12-05-2022,Sunday,tithe,2500
12-05-2022,Sunday,tithe,10500
12-07-2022,Saturday,offering,1000
12-05-2022,Saturday,offering,12000
12-07-2022,Sunday,tithe,12000
12-07-2022,Sunday,development,5000
12-07-2022,Saturday,development,2500
12-05-2022,Saturday,tithe,10500
